{
  "search_object": {
    "precision": 0.7391304347826086,
    "recall": 0.4857142857142857,
    "f1-score": 0.5862068965517241,
    "support": 105,
    "confused_with": {}
  },
  "micro avg": {
    "precision": 0.7391304347826086,
    "recall": 0.4857142857142857,
    "f1-score": 0.5862068965517241,
    "support": 105
  },
  "macro avg": {
    "precision": 0.7391304347826086,
    "recall": 0.4857142857142857,
    "f1-score": 0.5862068965517241,
    "support": 105
  },
  "weighted avg": {
    "precision": 0.7391304347826086,
    "recall": 0.4857142857142857,
    "f1-score": 0.5862068965517241,
    "support": 105
  },
  "accuracy": 0.8646616541353384
}