{
  "latest_news": {
    "precision": 0.7391304347826086,
    "recall": 0.85,
    "f1-score": 0.7906976744186046,
    "support": 20,
    "confused_with": {
      "search": 3
    }
  },
  "greet": {
    "precision": 0.8571428571428571,
    "recall": 0.8571428571428571,
    "f1-score": 0.8571428571428571,
    "support": 14,
    "confused_with": {
      "latest_news": 1,
      "bye": 1
    }
  },
  "decrease_speed": {
    "precision": 0.75,
    "recall": 1.0,
    "f1-score": 0.8571428571428571,
    "support": 6,
    "confused_with": {}
  },
  "increase_speed": {
    "precision": 0.8,
    "recall": 0.8,
    "f1-score": 0.8000000000000002,
    "support": 5,
    "confused_with": {
      "decrease_speed": 1
    }
  },
  "bye": {
    "precision": 0.7142857142857143,
    "recall": 0.5,
    "f1-score": 0.588235294117647,
    "support": 10,
    "confused_with": {
      "greet": 2,
      "latest_news": 1
    }
  },
  "help_general": {
    "precision": 0.9285714285714286,
    "recall": 0.8666666666666667,
    "f1-score": 0.896551724137931,
    "support": 15,
    "confused_with": {
      "search": 2
    }
  },
  "decrease_volume": {
    "precision": 1.0,
    "recall": 1.0,
    "f1-score": 1.0,
    "support": 5,
    "confused_with": {}
  },
  "increase_volume": {
    "precision": 1.0,
    "recall": 0.6,
    "f1-score": 0.7499999999999999,
    "support": 5,
    "confused_with": {
      "increase_speed": 1,
      "bye": 1
    }
  },
  "search": {
    "precision": 0.7916666666666666,
    "recall": 0.8260869565217391,
    "f1-score": 0.8085106382978724,
    "support": 23,
    "confused_with": {
      "latest_news": 4
    }
  },
  "accuracy": 0.8155339805825242,
  "macro avg": {
    "precision": 0.8423107890499195,
    "recall": 0.8110996089256959,
    "f1-score": 0.8164756716953078,
    "support": 103
  },
  "weighted avg": {
    "precision": 0.8209938893244084,
    "recall": 0.8155339805825242,
    "f1-score": 0.811972661313842,
    "support": 103
  },
  "micro avg": {
    "precision": 0.8155339805825242,
    "recall": 0.8155339805825242,
    "f1-score": 0.8155339805825242,
    "support": 103
  }
}